{
    "loss": 10.082965850830078,
    "accuracy": 0.5086206793785095
}